update,step,loss,avg_reward_20_eps,total_episodes
1,2048,"tensor(0.0127, grad_fn=<SubBackward0>)",0.1267037037037035,6
2,4096,"tensor(-0.1231, grad_fn=<SubBackward0>)",-0.19660606060606076,11
3,6144,"tensor(0.0224, grad_fn=<SubBackward0>)",-0.43475555555555573,15
4,8192,"tensor(0.0747, grad_fn=<SubBackward0>)",-0.3629444444444447,20
5,10240,"tensor(-0.1074, grad_fn=<SubBackward0>)",-0.38977777777777806,24
6,12288,"tensor(-0.2103, grad_fn=<SubBackward0>)",-0.2901500000000003,28
7,14336,"tensor(-0.1687, grad_fn=<SubBackward0>)",-0.1838055555555559,32
8,16384,"tensor(-0.1284, grad_fn=<SubBackward0>)",0.03973333333333301,36
9,18432,"tensor(0.0411, grad_fn=<SubBackward0>)",0.18121666666666636,42
10,20480,"tensor(-0.0061, grad_fn=<SubBackward0>)",0.3490611111111108,46
11,22528,"tensor(-0.1372, grad_fn=<SubBackward0>)",0.3198111111111108,51
12,24576,"tensor(-0.3321, grad_fn=<SubBackward0>)",0.3347722222222219,55
13,26624,"tensor(-0.0250, grad_fn=<SubBackward0>)",0.3818277777777775,61
14,28672,"tensor(-0.1246, grad_fn=<SubBackward0>)",0.11671666666666633,64
15,30720,"tensor(-0.0826, grad_fn=<SubBackward0>)",0.1204611111111108,68
16,32768,"tensor(0.0517, grad_fn=<SubBackward0>)",0.13994999999999969,74
17,34816,"tensor(-0.2446, grad_fn=<SubBackward0>)",0.3030277777777775,81
18,36864,"tensor(-0.1721, grad_fn=<SubBackward0>)",0.6133555555555553,88
19,38912,"tensor(0.0060, grad_fn=<SubBackward0>)",0.48428888888888866,94
20,40960,"tensor(-0.1065, grad_fn=<SubBackward0>)",0.5748611111111109,100
21,43008,"tensor(-0.0993, grad_fn=<SubBackward0>)",0.5289499999999998,105
22,45056,"tensor(-0.0589, grad_fn=<SubBackward0>)",0.3838833333333331,109
23,47104,"tensor(-0.1463, grad_fn=<SubBackward0>)",0.516833333333333,114
24,49152,"tensor(-0.0097, grad_fn=<SubBackward0>)",0.36379999999999973,118
25,51200,"tensor(-0.0235, grad_fn=<SubBackward0>)",0.25456111111111085,123
26,53248,"tensor(0.0107, grad_fn=<SubBackward0>)",0.26803333333333307,128
27,55296,"tensor(-0.0742, grad_fn=<SubBackward0>)",0.3452999999999997,132
28,57344,"tensor(-0.1482, grad_fn=<SubBackward0>)",0.23063333333333302,137
29,59392,"tensor(-0.1911, grad_fn=<SubBackward0>)",0.49519444444444416,143
30,61440,"tensor(0.1490, grad_fn=<SubBackward0>)",0.412772222222222,149
31,63488,"tensor(-0.1139, grad_fn=<SubBackward0>)",0.42204444444444417,153
32,65536,"tensor(-0.0193, grad_fn=<SubBackward0>)",0.3657777777777774,157
33,67584,"tensor(-0.1479, grad_fn=<SubBackward0>)",-0.027866666666667,160
34,69632,"tensor(-0.0882, grad_fn=<SubBackward0>)",-0.17660000000000034,164
35,71680,"tensor(-0.1177, grad_fn=<SubBackward0>)",-0.3568833333333337,168
36,73728,"tensor(-0.0089, grad_fn=<SubBackward0>)",-0.33311111111111147,173
37,75776,"tensor(-0.0507, grad_fn=<SubBackward0>)",-0.3835722222222225,179
38,77824,"tensor(0.2037, grad_fn=<SubBackward0>)",0.06565555555555531,186
39,79872,"tensor(-0.0008, grad_fn=<SubBackward0>)",0.30557222222222197,191
40,81920,"tensor(0.1064, grad_fn=<SubBackward0>)",0.3981722222222219,195
41,83968,"tensor(0.1838, grad_fn=<SubBackward0>)",0.5063444444444442,200
42,86016,"tensor(0.1092, grad_fn=<SubBackward0>)",0.6119166666666664,206
43,88064,"tensor(-0.0728, grad_fn=<SubBackward0>)",0.4852333333333331,211
44,90112,"tensor(-0.1177, grad_fn=<SubBackward0>)",0.39711111111111086,216
45,92160,"tensor(-0.0777, grad_fn=<SubBackward0>)",0.4215555555555553,220
46,94208,"tensor(-0.0963, grad_fn=<SubBackward0>)",0.2820777777777775,225
47,96256,"tensor(-0.0260, grad_fn=<SubBackward0>)",0.5145388888888885,230
48,98304,"tensor(-0.0884, grad_fn=<SubBackward0>)",0.3784499999999996,235
49,100352,"tensor(-0.0400, grad_fn=<SubBackward0>)",0.4047944444444441,241
50,102400,"tensor(-0.0084, grad_fn=<SubBackward0>)",0.4397888888888886,246
51,104448,"tensor(-0.0573, grad_fn=<SubBackward0>)",0.4239499999999997,252
52,106496,"tensor(-0.1820, grad_fn=<SubBackward0>)",0.32774999999999976,256
53,108544,"tensor(-0.0106, grad_fn=<SubBackward0>)",0.5404388888888886,262
54,110592,"tensor(0.0091, grad_fn=<SubBackward0>)",0.4536833333333331,268
55,112640,"tensor(-0.0125, grad_fn=<SubBackward0>)",0.5778611111111108,274
56,114688,"tensor(-0.1242, grad_fn=<SubBackward0>)",0.4373055555555553,279
57,116736,"tensor(0.0283, grad_fn=<SubBackward0>)",0.5657444444444442,285
58,118784,"tensor(-0.2085, grad_fn=<SubBackward0>)",0.653672222222222,291
59,120832,"tensor(-0.0062, grad_fn=<SubBackward0>)",0.7622499999999997,297
60,122880,"tensor(0.0506, grad_fn=<SubBackward0>)",0.7646722222222219,301
61,124928,"tensor(-0.0499, grad_fn=<SubBackward0>)",0.6386777777777775,306
62,126976,"tensor(-0.0796, grad_fn=<SubBackward0>)",0.6312999999999998,311
63,129024,"tensor(-0.1224, grad_fn=<SubBackward0>)",0.6228055555555552,315
64,131072,"tensor(-0.1419, grad_fn=<SubBackward0>)",0.6280222222222219,321
65,133120,"tensor(-0.1252, grad_fn=<SubBackward0>)",0.46742222222222196,326
66,135168,"tensor(0.0052, grad_fn=<SubBackward0>)",0.3193277777777775,329
67,137216,"tensor(-0.1117, grad_fn=<SubBackward0>)",0.34537777777777745,335
68,139264,"tensor(-0.2086, grad_fn=<SubBackward0>)",0.26105555555555526,342
69,141312,"tensor(0.1328, grad_fn=<SubBackward0>)",0.5595833333333331,348
70,143360,"tensor(-0.0017, grad_fn=<SubBackward0>)",0.4636333333333331,354
71,145408,"tensor(-0.0119, grad_fn=<SubBackward0>)",0.4527888888888886,358
72,147456,"tensor(0.1229, grad_fn=<SubBackward0>)",0.34997777777777755,366
73,149504,"tensor(-0.0885, grad_fn=<SubBackward0>)",0.7243666666666664,374
74,151552,"tensor(-0.0469, grad_fn=<SubBackward0>)",0.5718222222222219,377
75,153600,"tensor(0.0275, grad_fn=<SubBackward0>)",0.49881666666666635,380
76,155648,"tensor(0.0071, grad_fn=<SubBackward0>)",0.13444444444444414,385
77,157696,"tensor(0.0604, grad_fn=<SubBackward0>)",0.3514388888888885,392
78,159744,"tensor(-0.0465, grad_fn=<SubBackward0>)",0.44651666666666634,396
79,161792,"tensor(-0.1045, grad_fn=<SubBackward0>)",0.628683333333333,401
80,163840,"tensor(-0.1763, grad_fn=<SubBackward0>)",0.469733333333333,405
81,165888,"tensor(-0.0524, grad_fn=<SubBackward0>)",0.3544166666666663,409
82,167936,"tensor(-0.0097, grad_fn=<SubBackward0>)",0.21389999999999962,413
83,169984,"tensor(0.0846, grad_fn=<SubBackward0>)",0.11567222222222188,418
84,172032,"tensor(0.0959, grad_fn=<SubBackward0>)",0.6506499999999996,425
85,174080,"tensor(-0.1890, grad_fn=<SubBackward0>)",0.8941499999999996,430
86,176128,"tensor(0.0115, grad_fn=<SubBackward0>)",0.902322222222222,437
87,178176,"tensor(0.1187, grad_fn=<SubBackward0>)",0.7062166666666665,446
88,180224,"tensor(0.0248, grad_fn=<SubBackward0>)",0.8644444444444442,453
89,182272,"tensor(-0.1914, grad_fn=<SubBackward0>)",0.8621611111111109,460
90,184320,"tensor(-0.0970, grad_fn=<SubBackward0>)",1.0639777777777775,466
91,186368,"tensor(0.1739, grad_fn=<SubBackward0>)",0.6931555555555553,473
92,188416,"tensor(-0.1929, grad_fn=<SubBackward0>)",0.6696333333333331,478
93,190464,"tensor(0.1822, grad_fn=<SubBackward0>)",0.5374055555555552,483
94,192512,"tensor(0.1102, grad_fn=<SubBackward0>)",0.4313388888888886,487
95,194560,"tensor(-0.1283, grad_fn=<SubBackward0>)",0.4025055555555553,493
96,196608,"tensor(-0.0962, grad_fn=<SubBackward0>)",0.4345055555555552,498
97,198656,"tensor(-0.1064, grad_fn=<SubBackward0>)",0.6771999999999997,506
98,200704,"tensor(-0.0200, grad_fn=<SubBackward0>)",1.0271611111111107,511
99,202752,"tensor(-0.0247, grad_fn=<SubBackward0>)",0.5473166666666665,517
100,204800,"tensor(0.0551, grad_fn=<SubBackward0>)",0.17759444444444417,521
101,206848,"tensor(0.1829, grad_fn=<SubBackward0>)",-0.3422222222222225,526
102,208896,"tensor(-0.2145, grad_fn=<SubBackward0>)",-0.4324500000000002,530
103,210944,"tensor(0.0860, grad_fn=<SubBackward0>)",-0.4918277777777781,536
104,212992,"tensor(-0.1392, grad_fn=<SubBackward0>)",-0.24065555555555584,541
105,215040,"tensor(0.0356, grad_fn=<SubBackward0>)",-0.11233888888888921,544
106,217088,"tensor(0.1356, grad_fn=<SubBackward0>)",-0.05898333333333372,547
107,219136,"tensor(0.0714, grad_fn=<SubBackward0>)",-0.1486944444444448,552
108,221184,"tensor(0.0201, grad_fn=<SubBackward0>)",-0.044405555555555934,555
109,223232,"tensor(-0.1222, grad_fn=<SubBackward0>)",0.1921222222222218,561
110,225280,"tensor(-0.0229, grad_fn=<SubBackward0>)",0.15477222222222178,564
111,227328,"tensor(0.0965, grad_fn=<SubBackward0>)",0.45560555555555515,570
112,229376,"tensor(-0.0165, grad_fn=<SubBackward0>)",0.47608888888888856,576
113,231424,"tensor(-0.0927, grad_fn=<SubBackward0>)",0.11873333333333302,580
114,233472,"tensor(0.0298, grad_fn=<SubBackward0>)",0.4064499999999997,587
115,235520,"tensor(-0.2192, grad_fn=<SubBackward0>)",0.17717777777777752,593
116,237568,"tensor(0.0095, grad_fn=<SubBackward0>)",0.7977333333333331,599
117,239616,"tensor(-0.0638, grad_fn=<SubBackward0>)",0.9156499999999997,606
118,241664,"tensor(-0.0266, grad_fn=<SubBackward0>)",0.924933333333333,612
119,243712,"tensor(-0.1508, grad_fn=<SubBackward0>)",0.8156666666666663,617
120,245760,"tensor(-0.0934, grad_fn=<SubBackward0>)",0.3222777777777775,623
121,247808,"tensor(0.0148, grad_fn=<SubBackward0>)",0.030305555555555246,626
122,249856,"tensor(-0.0797, grad_fn=<SubBackward0>)",0.3965611111111108,632
123,251904,"tensor(-0.0240, grad_fn=<SubBackward0>)",0.4118999999999997,639
124,253952,"tensor(0.0454, grad_fn=<SubBackward0>)",0.7121166666666664,644
125,256000,"tensor(0.0738, grad_fn=<SubBackward0>)",0.8087999999999997,647
126,258048,"tensor(0.1973, grad_fn=<SubBackward0>)",0.5396777777777775,654
127,260096,"tensor(-0.0454, grad_fn=<SubBackward0>)",0.5459500000000002,658
128,262144,"tensor(0.2695, grad_fn=<SubBackward0>)",0.6555555555555557,661
129,264192,"tensor(-0.1697, grad_fn=<SubBackward0>)",0.6205000000000002,668
130,266240,"tensor(-0.2529, grad_fn=<SubBackward0>)",0.7060333333333334,672
131,268288,"tensor(0.0794, grad_fn=<SubBackward0>)",0.5727388888888887,677
132,270336,"tensor(-0.0204, grad_fn=<SubBackward0>)",0.6747055555555553,685
133,272384,"tensor(0.1622, grad_fn=<SubBackward0>)",0.9373611111111109,692
134,274432,"tensor(-0.1593, grad_fn=<SubBackward0>)",0.905633333333333,695
135,276480,"tensor(0.0889, grad_fn=<SubBackward0>)",1.0374611111111107,701
136,278528,"tensor(-0.2527, grad_fn=<SubBackward0>)",0.7882111111111108,708
137,280576,"tensor(-0.0642, grad_fn=<SubBackward0>)",0.6088055555555554,716
138,282624,"tensor(0.0572, grad_fn=<SubBackward0>)",0.7801777777777776,726
139,284672,"tensor(0.0521, grad_fn=<SubBackward0>)",0.8714499999999997,730
140,286720,"tensor(0.0224, grad_fn=<SubBackward0>)",0.8468388888888889,733
141,288768,"tensor(0.2932, grad_fn=<SubBackward0>)",1.0269222222222223,739
142,290816,"tensor(0.0017, grad_fn=<SubBackward0>)",0.8979055555555554,745
143,292864,"tensor(-0.1923, grad_fn=<SubBackward0>)",0.7786666666666665,750
144,294912,"tensor(-0.0564, grad_fn=<SubBackward0>)",0.916133333333333,756
145,296960,"tensor(-0.0896, grad_fn=<SubBackward0>)",0.7805777777777775,761
146,299008,"tensor(0.2133, grad_fn=<SubBackward0>)",0.7003666666666664,766
147,301056,"tensor(-0.0757, grad_fn=<SubBackward0>)",0.8362444444444442,772
148,303104,"tensor(0.1234, grad_fn=<SubBackward0>)",0.9341388888888886,778
149,305152,"tensor(0.0059, grad_fn=<SubBackward0>)",1.0669611111111108,787
150,307200,"tensor(-0.0616, grad_fn=<SubBackward0>)",0.8271055555555552,793
151,309248,"tensor(0.1453, grad_fn=<SubBackward0>)",0.5701499999999997,797
152,311296,"tensor(-0.0154, grad_fn=<SubBackward0>)",0.5157611111111108,801
153,313344,"tensor(0.0391, grad_fn=<SubBackward0>)",0.16096111111111086,809
154,315392,"tensor(-0.0304, grad_fn=<SubBackward0>)",0.3717388888888886,813
155,317440,"tensor(-0.2599, grad_fn=<SubBackward0>)",0.8829222222222219,819
156,319488,"tensor(-0.0835, grad_fn=<SubBackward0>)",0.9992777777777775,824
157,321536,"tensor(0.3594, grad_fn=<SubBackward0>)",1.0328277777777775,832
158,323584,"tensor(-0.2446, grad_fn=<SubBackward0>)",0.9461388888888885,839
159,325632,"tensor(-0.2506, grad_fn=<SubBackward0>)",0.8261166666666664,845
160,327680,"tensor(0.0149, grad_fn=<SubBackward0>)",0.7984222222222219,850
161,329728,"tensor(0.0939, grad_fn=<SubBackward0>)",0.6717666666666664,855
162,331776,"tensor(0.0389, grad_fn=<SubBackward0>)",0.640933333333333,859
163,333824,"tensor(-0.1692, grad_fn=<SubBackward0>)",0.3848999999999997,862
164,335872,"tensor(0.0368, grad_fn=<SubBackward0>)",0.42785555555555527,867
165,337920,"tensor(-0.2829, grad_fn=<SubBackward0>)",0.5626888888888886,874
166,339968,"tensor(-0.0266, grad_fn=<SubBackward0>)",0.5950888888888886,880
167,342016,"tensor(-0.1743, grad_fn=<SubBackward0>)",0.6028277777777775,885
168,344064,"tensor(0.0912, grad_fn=<SubBackward0>)",0.6050333333333331,891
169,346112,"tensor(0.0690, grad_fn=<SubBackward0>)",0.546083333333333,896
170,348160,"tensor(0.1264, grad_fn=<SubBackward0>)",0.7734111111111108,902
171,350208,"tensor(0.0654, grad_fn=<SubBackward0>)",0.8822444444444442,908
172,352256,"tensor(0.0088, grad_fn=<SubBackward0>)",1.1421444444444442,913
173,354304,"tensor(0.0435, grad_fn=<SubBackward0>)",0.9014499999999996,921
174,356352,"tensor(0.1151, grad_fn=<SubBackward0>)",0.9052444444444442,926
175,358400,"tensor(-0.1138, grad_fn=<SubBackward0>)",0.649133333333333,928
176,360448,"tensor(0.0382, grad_fn=<SubBackward0>)",0.6846555555555552,934
177,362496,"tensor(-0.0006, grad_fn=<SubBackward0>)",0.7079499999999996,938
178,364544,"tensor(-0.0622, grad_fn=<SubBackward0>)",0.5960111111111107,944
179,366592,"tensor(-0.1185, grad_fn=<SubBackward0>)",0.694983333333333,949
180,368640,"tensor(0.0021, grad_fn=<SubBackward0>)",0.943183333333333,957
181,370688,"tensor(0.0821, grad_fn=<SubBackward0>)",1.115072222222222,962
182,372736,"tensor(-0.0776, grad_fn=<SubBackward0>)",1.1244777777777775,967
183,374784,"tensor(-0.1840, grad_fn=<SubBackward0>)",1.146294444444444,974
184,376832,"tensor(-0.0151, grad_fn=<SubBackward0>)",0.8198222222222219,981
185,378880,"tensor(-0.0383, grad_fn=<SubBackward0>)",0.7869999999999997,984
186,380928,"tensor(0.0261, grad_fn=<SubBackward0>)",0.774972222222222,991
187,382976,"tensor(-0.0585, grad_fn=<SubBackward0>)",0.6400055555555553,995
188,385024,"tensor(0.0285, grad_fn=<SubBackward0>)",0.8620666666666663,1001
189,387072,"tensor(-0.0883, grad_fn=<SubBackward0>)",0.907272222222222,1008
190,389120,"tensor(-0.1791, grad_fn=<SubBackward0>)",0.8854055555555552,1010
191,391168,"tensor(-0.2211, grad_fn=<SubBackward0>)",0.7972444444444442,1017
192,393216,"tensor(0.1176, grad_fn=<SubBackward0>)",0.6844277777777774,1022
193,395264,"tensor(0.1225, grad_fn=<SubBackward0>)",0.49079444444444426,1030
194,397312,"tensor(-0.0124, grad_fn=<SubBackward0>)",0.5878833333333331,1033
195,399360,"tensor(0.2182, grad_fn=<SubBackward0>)",0.5671888888888886,1039
196,401408,"tensor(0.1489, grad_fn=<SubBackward0>)",0.7234111111111108,1046
197,403456,"tensor(-0.1104, grad_fn=<SubBackward0>)",0.7890666666666664,1051
198,405504,"tensor(-0.0711, grad_fn=<SubBackward0>)",1.0542777777777776,1057
199,407552,"tensor(0.1324, grad_fn=<SubBackward0>)",1.1508444444444441,1064
200,409600,"tensor(0.0556, grad_fn=<SubBackward0>)",1.2332444444444441,1067
201,411648,"tensor(0.0790, grad_fn=<SubBackward0>)",1.349933333333333,1074
202,413696,"tensor(-0.3244, grad_fn=<SubBackward0>)",1.1255166666666665,1079
203,415744,"tensor(-0.0192, grad_fn=<SubBackward0>)",1.0096555555555553,1086
204,417792,"tensor(-0.0872, grad_fn=<SubBackward0>)",0.8937055555555553,1092
205,419840,"tensor(0.4066, grad_fn=<SubBackward0>)",0.5495333333333331,1096
206,421888,"tensor(-0.1148, grad_fn=<SubBackward0>)",0.6143166666666665,1103
207,423936,"tensor(-0.0311, grad_fn=<SubBackward0>)",0.47610555555555534,1108
208,425984,"tensor(-0.0032, grad_fn=<SubBackward0>)",0.628972222222222,1115
209,428032,"tensor(0.2693, grad_fn=<SubBackward0>)",0.8194388888888886,1121
210,430080,"tensor(-0.1237, grad_fn=<SubBackward0>)",0.8543111111111109,1129
211,432128,"tensor(-0.0698, grad_fn=<SubBackward0>)",0.8377944444444442,1135
212,434176,"tensor(0.3019, grad_fn=<SubBackward0>)",0.477572222222222,1141
213,436224,"tensor(-0.1278, grad_fn=<SubBackward0>)",0.6204499999999997,1149
214,438272,"tensor(-0.1290, grad_fn=<SubBackward0>)",0.6128999999999998,1155
215,440320,"tensor(0.0062, grad_fn=<SubBackward0>)",1.1049777777777776,1162
216,442368,"tensor(0.0105, grad_fn=<SubBackward0>)",0.819711111111111,1167
217,444416,"tensor(0.0357, grad_fn=<SubBackward0>)",1.0490611111111108,1173
218,446464,"tensor(-0.3347, grad_fn=<SubBackward0>)",0.7678111111111108,1178
219,448512,"tensor(-0.0619, grad_fn=<SubBackward0>)",0.8064944444444441,1185
220,450560,"tensor(-0.1326, grad_fn=<SubBackward0>)",0.8292777777777773,1190
221,452608,"tensor(0.1354, grad_fn=<SubBackward0>)",0.8465999999999998,1195
222,454656,"tensor(0.0295, grad_fn=<SubBackward0>)",0.7022888888888885,1199
223,456704,"tensor(-0.2060, grad_fn=<SubBackward0>)",0.5815833333333329,1202
224,458752,"tensor(0.0317, grad_fn=<SubBackward0>)",0.6611999999999997,1208
225,460800,"tensor(0.0855, grad_fn=<SubBackward0>)",0.5355111111111108,1215
226,462848,"tensor(-0.1155, grad_fn=<SubBackward0>)",0.6927499999999996,1220
227,464896,"tensor(0.0689, grad_fn=<SubBackward0>)",0.8134388888888886,1225
228,466944,"tensor(-0.0988, grad_fn=<SubBackward0>)",0.5381055555555553,1228
229,468992,"tensor(0.0076, grad_fn=<SubBackward0>)",0.5153111111111108,1235
230,471040,"tensor(-0.1343, grad_fn=<SubBackward0>)",0.47657222222222195,1240
231,473088,"tensor(-0.1557, grad_fn=<SubBackward0>)",0.2691722222222219,1246
232,475136,"tensor(0.0055, grad_fn=<SubBackward0>)",0.3059555555555553,1252
233,477184,"tensor(-0.0786, grad_fn=<SubBackward0>)",0.41378333333333306,1257
234,479232,"tensor(-0.0967, grad_fn=<SubBackward0>)",0.42672222222222195,1263
235,481280,"tensor(-0.0160, grad_fn=<SubBackward0>)",0.8131944444444441,1271
236,483328,"tensor(0.0423, grad_fn=<SubBackward0>)",0.7161111111111109,1275
237,485376,"tensor(-0.0314, grad_fn=<SubBackward0>)",0.5676166666666664,1281
238,487424,"tensor(0.0166, grad_fn=<SubBackward0>)",0.5833111111111109,1290
239,489472,"tensor(-0.0207, grad_fn=<SubBackward0>)",0.9684777777777775,1297
240,491520,"tensor(-0.0579, grad_fn=<SubBackward0>)",0.9514944444444442,1302
241,493568,"tensor(-0.0494, grad_fn=<SubBackward0>)",0.6863555555555554,1307
242,495616,"tensor(0.0030, grad_fn=<SubBackward0>)",0.6827555555555552,1311
243,497664,"tensor(-0.1415, grad_fn=<SubBackward0>)",0.32557777777777747,1317
244,499712,"tensor(-0.0217, grad_fn=<SubBackward0>)",0.3265388888888886,1323
245,501760,"tensor(0.0207, grad_fn=<SubBackward0>)",0.7008833333333331,1329
246,503808,"tensor(-0.0072, grad_fn=<SubBackward0>)",0.5543555555555553,1332
247,505856,"tensor(-0.0682, grad_fn=<SubBackward0>)",0.44791666666666635,1336
248,507904,"tensor(-0.0919, grad_fn=<SubBackward0>)",0.43678888888888856,1342
249,509952,"tensor(-0.2248, grad_fn=<SubBackward0>)",0.060022222222221935,1347
250,512000,"tensor(-0.0857, grad_fn=<SubBackward0>)",-0.0831555555555558,1350
251,514048,"tensor(-0.0068, grad_fn=<SubBackward0>)",-0.2642833333333336,1352
252,516096,"tensor(-0.0487, grad_fn=<SubBackward0>)",0.07919444444444412,1357
253,518144,"tensor(0.0014, grad_fn=<SubBackward0>)",0.1371888888888885,1359
254,520192,"tensor(-0.1528, grad_fn=<SubBackward0>)",0.01631666666666624,1364
255,522240,"tensor(0.2663, grad_fn=<SubBackward0>)",0.8932055555555551,1373
256,524288,"tensor(0.0570, grad_fn=<SubBackward0>)",0.971122222222222,1381
257,526336,"tensor(0.3365, grad_fn=<SubBackward0>)",0.9637555555555553,1384
258,528384,"tensor(-0.0930, grad_fn=<SubBackward0>)",0.7222999999999997,1391
259,530432,"tensor(0.1873, grad_fn=<SubBackward0>)",0.8365499999999997,1398
260,532480,"tensor(-0.0422, grad_fn=<SubBackward0>)",0.9430166666666663,1404
261,534528,"tensor(0.1072, grad_fn=<SubBackward0>)",1.0354555555555554,1409
262,536576,"tensor(0.2333, grad_fn=<SubBackward0>)",1.1449555555555553,1415
263,538624,"tensor(-0.1214, grad_fn=<SubBackward0>)",1.018444444444444,1420
264,540672,"tensor(-0.0102, grad_fn=<SubBackward0>)",0.7766277777777775,1422
265,542720,"tensor(0.1089, grad_fn=<SubBackward0>)",0.8005499999999997,1429
266,544768,"tensor(-0.0234, grad_fn=<SubBackward0>)",0.5762888888888885,1432
267,546816,"tensor(0.0373, grad_fn=<SubBackward0>)",-0.00392222222222251,1440
268,548864,"tensor(0.1859, grad_fn=<SubBackward0>)",0.3723111111111108,1446
269,550912,"tensor(0.0569, grad_fn=<SubBackward0>)",0.6130111111111108,1452
270,552960,"tensor(0.1026, grad_fn=<SubBackward0>)",0.6836166666666663,1456
271,555008,"tensor(-0.3094, grad_fn=<SubBackward0>)",0.9879499999999997,1462
272,557056,"tensor(0.0482, grad_fn=<SubBackward0>)",0.7139722222222218,1466
273,559104,"tensor(0.0984, grad_fn=<SubBackward0>)",0.4848555555555552,1471
274,561152,"tensor(-0.0334, grad_fn=<SubBackward0>)",0.5987277777777774,1476
275,563200,"tensor(-0.0805, grad_fn=<SubBackward0>)",0.3665611111111108,1481
276,565248,"tensor(-0.0230, grad_fn=<SubBackward0>)",0.6151666666666664,1487
277,567296,"tensor(-0.0613, grad_fn=<SubBackward0>)",0.3856055555555552,1492
278,569344,"tensor(-0.1890, grad_fn=<SubBackward0>)",0.18150555555555525,1499
279,571392,"tensor(0.0826, grad_fn=<SubBackward0>)",0.1794777777777775,1503
280,573440,"tensor(-0.1013, grad_fn=<SubBackward0>)",0.17386111111111086,1506
281,575488,"tensor(0.1209, grad_fn=<SubBackward0>)",0.42667222222222223,1510
282,577536,"tensor(-0.2285, grad_fn=<SubBackward0>)",0.41544444444444445,1515
283,579584,"tensor(0.1541, grad_fn=<SubBackward0>)",0.24883333333333332,1519
284,581632,"tensor(-0.0719, grad_fn=<SubBackward0>)",0.3319555555555555,1523
285,583680,"tensor(0.1930, grad_fn=<SubBackward0>)",0.12112222222222194,1531
286,585728,"tensor(0.1940, grad_fn=<SubBackward0>)",0.234833333333333,1536
287,587776,"tensor(0.0635, grad_fn=<SubBackward0>)",0.21524444444444413,1539
288,589824,"tensor(-0.1503, grad_fn=<SubBackward0>)",0.40304999999999974,1547
289,591872,"tensor(0.0879, grad_fn=<SubBackward0>)",0.4004611111111108,1551
290,593920,"tensor(-0.0805, grad_fn=<SubBackward0>)",0.23559999999999967,1555
291,595968,"tensor(0.0211, grad_fn=<SubBackward0>)",0.379983333333333,1559
292,598016,"tensor(0.0294, grad_fn=<SubBackward0>)",0.11099999999999972,1565
293,600064,"tensor(0.1356, grad_fn=<SubBackward0>)",-0.34844444444444467,1570
294,602112,"tensor(-0.2069, grad_fn=<SubBackward0>)",-0.16835000000000022,1575
295,604160,"tensor(-0.0272, grad_fn=<SubBackward0>)",-0.17777222222222244,1580
296,606208,"tensor(0.0296, grad_fn=<SubBackward0>)",-0.23513888888888915,1585
297,608256,"tensor(-0.1413, grad_fn=<SubBackward0>)",-0.14862777777777808,1588
298,610304,"tensor(-0.1688, grad_fn=<SubBackward0>)",0.22839444444444418,1596
299,612352,"tensor(-0.1235, grad_fn=<SubBackward0>)",0.048755555555555226,1598
300,614400,"tensor(-0.0452, grad_fn=<SubBackward0>)",0.16912222222222184,1602
301,616448,"tensor(0.1145, grad_fn=<SubBackward0>)",0.8058222222222218,1608
302,618496,"tensor(0.0918, grad_fn=<SubBackward0>)",0.7861055555555552,1614
303,620544,"tensor(0.0572, grad_fn=<SubBackward0>)",0.633683333333333,1620
304,622592,"tensor(0.0406, grad_fn=<SubBackward0>)",0.5111388888888886,1624
305,624640,"tensor(0.1493, grad_fn=<SubBackward0>)",0.37089444444444414,1627
306,626688,"tensor(0.2098, grad_fn=<SubBackward0>)",0.09918888888888856,1633
307,628736,"tensor(0.1076, grad_fn=<SubBackward0>)",0.5918499999999997,1640
308,630784,"tensor(0.1561, grad_fn=<SubBackward0>)",0.35767222222222184,1644
309,632832,"tensor(-0.0031, grad_fn=<SubBackward0>)",0.5575444444444442,1649
310,634880,"tensor(0.0288, grad_fn=<SubBackward0>)",0.5158333333333329,1654
311,636928,"tensor(0.0353, grad_fn=<SubBackward0>)",0.3615555555555552,1658
312,638976,"tensor(-0.1325, grad_fn=<SubBackward0>)",0.37171111111111077,1665
313,641024,"tensor(-0.1413, grad_fn=<SubBackward0>)",0.2539555555555552,1668
314,643072,"tensor(0.0359, grad_fn=<SubBackward0>)",-0.09911111111111141,1673
315,645120,"tensor(0.1343, grad_fn=<SubBackward0>)",0.020816666666666366,1677
316,647168,"tensor(-0.0420, grad_fn=<SubBackward0>)",0.3053888888888886,1685
317,649216,"tensor(0.1314, grad_fn=<SubBackward0>)",0.6770888888888886,1691
318,651264,"tensor(-0.0073, grad_fn=<SubBackward0>)",0.5504666666666664,1697
319,653312,"tensor(0.0043, grad_fn=<SubBackward0>)",0.14192222222222198,1701
320,655360,"tensor(-0.1918, grad_fn=<SubBackward0>)",-0.013027777777778072,1705
321,657408,"tensor(0.0040, grad_fn=<SubBackward0>)",0.08150555555555523,1710
322,659456,"tensor(0.2237, grad_fn=<SubBackward0>)",-0.14531111111111142,1715
323,661504,"tensor(-0.1146, grad_fn=<SubBackward0>)",-0.1691555555555559,1717
324,663552,"tensor(0.0452, grad_fn=<SubBackward0>)",0.08967222222222186,1722
325,665600,"tensor(-0.0420, grad_fn=<SubBackward0>)",-0.26967777777777807,1727
326,667648,"tensor(0.0352, grad_fn=<SubBackward0>)",-0.3876333333333336,1731
327,669696,"tensor(-0.0143, grad_fn=<SubBackward0>)",0.10159999999999972,1737
328,671744,"tensor(-0.1661, grad_fn=<SubBackward0>)",-0.060372222222222535,1741
329,673792,"tensor(0.0670, grad_fn=<SubBackward0>)",0.437883333333333,1746
330,675840,"tensor(-0.1959, grad_fn=<SubBackward0>)",0.47995555555555525,1753
331,677888,"tensor(-0.2032, grad_fn=<SubBackward0>)",0.48061666666666636,1758
332,679936,"tensor(-0.0226, grad_fn=<SubBackward0>)",0.3497666666666664,1762
333,681984,"tensor(0.1815, grad_fn=<SubBackward0>)",0.008199999999999753,1767
334,684032,"tensor(-0.0840, grad_fn=<SubBackward0>)",0.009749999999999754,1773
335,686080,"tensor(-0.0615, grad_fn=<SubBackward0>)",0.1397888888888886,1779
336,688128,"tensor(-0.1047, grad_fn=<SubBackward0>)",0.3760666666666664,1782
337,690176,"tensor(-0.0591, grad_fn=<SubBackward0>)",0.8766722222222219,1789
338,692224,"tensor(0.0971, grad_fn=<SubBackward0>)",0.8840555555555552,1794
339,694272,"tensor(-0.0596, grad_fn=<SubBackward0>)",0.7373944444444441,1798
340,696320,"tensor(-0.0286, grad_fn=<SubBackward0>)",0.3772111111111108,1802
341,698368,"tensor(0.0552, grad_fn=<SubBackward0>)",0.3507722222222219,1806
342,700416,"tensor(-0.1126, grad_fn=<SubBackward0>)",0.3442222222222219,1812
343,702464,"tensor(-0.0243, grad_fn=<SubBackward0>)",0.27844444444444405,1813
344,704512,"tensor(-0.1234, grad_fn=<SubBackward0>)",0.5692999999999997,1820
345,706560,"tensor(0.0780, grad_fn=<SubBackward0>)",0.6903055555555552,1823
346,708608,"tensor(0.1126, grad_fn=<SubBackward0>)",0.5317611111111107,1827
347,710656,"tensor(0.2674, grad_fn=<SubBackward0>)",0.612183333333333,1831
348,712704,"tensor(0.1117, grad_fn=<SubBackward0>)",0.5309999999999996,1835
349,714752,"tensor(0.0126, grad_fn=<SubBackward0>)",0.5240333333333329,1841
350,716800,"tensor(0.2757, grad_fn=<SubBackward0>)",0.8888055555555553,1849
351,718848,"tensor(-0.0393, grad_fn=<SubBackward0>)",0.7797222222222219,1853
352,720896,"tensor(0.0289, grad_fn=<SubBackward0>)",0.7608055555555552,1857
353,722944,"tensor(-0.0828, grad_fn=<SubBackward0>)",0.8381944444444441,1861
354,724992,"tensor(0.1556, grad_fn=<SubBackward0>)",0.5447222222222218,1865
355,727040,"tensor(0.0621, grad_fn=<SubBackward0>)",0.5056111111111107,1868
356,729088,"tensor(-0.3275, grad_fn=<SubBackward0>)",0.6407388888888884,1874
357,731136,"tensor(-0.0583, grad_fn=<SubBackward0>)",0.8583833333333329,1877
358,733184,"tensor(-0.1864, grad_fn=<SubBackward0>)",0.7754722222222219,1882
359,735232,"tensor(-0.0186, grad_fn=<SubBackward0>)",0.6240611111111108,1889
360,737280,"tensor(0.0083, grad_fn=<SubBackward0>)",0.40858888888888856,1894
361,739328,"tensor(0.0414, grad_fn=<SubBackward0>)",0.5654777777777775,1899
362,741376,"tensor(-0.1765, grad_fn=<SubBackward0>)",0.44423333333333304,1905
363,743424,"tensor(0.0364, grad_fn=<SubBackward0>)",0.18732222222222195,1910
364,745472,"tensor(0.0641, grad_fn=<SubBackward0>)",0.41506666666666636,1915
365,747520,"tensor(0.0250, grad_fn=<SubBackward0>)",0.06327222222222194,1922
366,749568,"tensor(0.0349, grad_fn=<SubBackward0>)",0.18390555555555527,1926
367,751616,"tensor(-0.1953, grad_fn=<SubBackward0>)",0.27911111111111075,1931
368,753664,"tensor(-0.1524, grad_fn=<SubBackward0>)",0.1036055555555552,1935
369,755712,"tensor(-0.1650, grad_fn=<SubBackward0>)",0.2469444444444441,1941
370,757760,"tensor(0.0256, grad_fn=<SubBackward0>)",0.34807777777777743,1947
371,759808,"tensor(0.0355, grad_fn=<SubBackward0>)",0.478283333333333,1950
372,761856,"tensor(0.0270, grad_fn=<SubBackward0>)",0.2737000000000002,1955
373,763904,"tensor(-0.0595, grad_fn=<SubBackward0>)",0.2665722222222225,1958
374,765952,"tensor(0.0434, grad_fn=<SubBackward0>)",0.2549444444444447,1963
375,768000,"tensor(-0.1025, grad_fn=<SubBackward0>)",-0.01548333333333311,1967
376,770048,"tensor(0.0435, grad_fn=<SubBackward0>)",-0.07532222222222251,1972
377,772096,"tensor(0.0027, grad_fn=<SubBackward0>)",0.2957499999999997,1980
378,774144,"tensor(-0.0090, grad_fn=<SubBackward0>)",0.586533333333333,1987
379,776192,"tensor(0.0241, grad_fn=<SubBackward0>)",0.8368277777777775,1993
380,778240,"tensor(-0.1454, grad_fn=<SubBackward0>)",0.5873999999999997,1998
381,780288,"tensor(0.1228, grad_fn=<SubBackward0>)",0.4514833333333331,2002
382,782336,"tensor(-0.0686, grad_fn=<SubBackward0>)",0.5533722222222219,2008
383,784384,"tensor(-0.0672, grad_fn=<SubBackward0>)",0.4338666666666664,2014
384,786432,"tensor(0.1026, grad_fn=<SubBackward0>)",0.5743166666666664,2020
385,788480,"tensor(-0.0994, grad_fn=<SubBackward0>)",0.4239611111111109,2025
386,790528,"tensor(0.0795, grad_fn=<SubBackward0>)",0.4037111111111108,2030
387,792576,"tensor(-0.1307, grad_fn=<SubBackward0>)",0.365033333333333,2034
388,794624,"tensor(-0.1570, grad_fn=<SubBackward0>)",0.45689444444444416,2038
389,796672,"tensor(-0.0028, grad_fn=<SubBackward0>)",0.08239999999999967,2043
390,798720,"tensor(-0.0194, grad_fn=<SubBackward0>)",-0.1426000000000003,2049
391,800768,"tensor(0.1882, grad_fn=<SubBackward0>)",0.3602277777777775,2054
392,802816,"tensor(0.0884, grad_fn=<SubBackward0>)",0.26961666666666634,2059
393,804864,"tensor(0.1533, grad_fn=<SubBackward0>)",0.4098499999999997,2063
394,806912,"tensor(-0.1524, grad_fn=<SubBackward0>)",0.2997944444444442,2071
395,808960,"tensor(-0.1880, grad_fn=<SubBackward0>)",0.05696111111111089,2076
396,811008,"tensor(-0.1217, grad_fn=<SubBackward0>)",0.05260555555555528,2078
397,813056,"tensor(-0.0046, grad_fn=<SubBackward0>)",0.027227777777777497,2083
398,815104,"tensor(-0.1107, grad_fn=<SubBackward0>)",0.14415555555555523,2087
399,817152,"tensor(0.1380, grad_fn=<SubBackward0>)",0.24017222222222187,2093
400,819200,"tensor(-0.0387, grad_fn=<SubBackward0>)",0.5996777777777774,2098
401,821248,"tensor(-0.0685, grad_fn=<SubBackward0>)",0.49168333333333303,2101
402,823296,"tensor(0.1532, grad_fn=<SubBackward0>)",0.46953888888888856,2106
403,825344,"tensor(0.2186, grad_fn=<SubBackward0>)",0.12564999999999968,2110
404,827392,"tensor(-0.2081, grad_fn=<SubBackward0>)",-0.004033333333333661,2117
405,829440,"tensor(-0.1914, grad_fn=<SubBackward0>)",0.03737777777777752,2122
406,831488,"tensor(0.1012, grad_fn=<SubBackward0>)",0.0035111111111108596,2126
407,833536,"tensor(0.1959, grad_fn=<SubBackward0>)",0.35357222222222195,2131
408,835584,"tensor(0.0388, grad_fn=<SubBackward0>)",0.21881111111111085,2136
409,837632,"tensor(-0.1005, grad_fn=<SubBackward0>)",0.20458333333333306,2139
410,839680,"tensor(-0.0588, grad_fn=<SubBackward0>)",0.3907722222222219,2145
411,841728,"tensor(0.0741, grad_fn=<SubBackward0>)",0.4885777777777774,2148
412,843776,"tensor(-0.1220, grad_fn=<SubBackward0>)",0.17685555555555524,2152
413,845824,"tensor(0.0462, grad_fn=<SubBackward0>)",0.03277777777777746,2157
414,847872,"tensor(0.1161, grad_fn=<SubBackward0>)",0.11089444444444412,2162
415,849920,"tensor(-0.0300, grad_fn=<SubBackward0>)",0.19802777777777741,2166
416,851968,"tensor(-0.0077, grad_fn=<SubBackward0>)",0.2254722222222219,2171
417,854016,"tensor(0.1723, grad_fn=<SubBackward0>)",0.6435999999999996,2178
418,856064,"tensor(0.1360, grad_fn=<SubBackward0>)",0.6648111111111108,2184
419,858112,"tensor(0.0553, grad_fn=<SubBackward0>)",0.8164111111111108,2191
420,860160,"tensor(0.0706, grad_fn=<SubBackward0>)",0.592622222222222,2198
421,862208,"tensor(-0.0618, grad_fn=<SubBackward0>)",0.5750166666666664,2203
422,864256,"tensor(0.0435, grad_fn=<SubBackward0>)",0.32132222222222195,2207
423,866304,"tensor(0.1473, grad_fn=<SubBackward0>)",0.07228333333333355,2210
424,868352,"tensor(0.0313, grad_fn=<SubBackward0>)",0.14803333333333352,2215
425,870400,"tensor(-0.0292, grad_fn=<SubBackward0>)",0.1396944444444446,2219
426,872448,"tensor(-0.1298, grad_fn=<SubBackward0>)",-0.05276666666666656,2222
427,874496,"tensor(0.0068, grad_fn=<SubBackward0>)",-0.05283888888888878,2226
428,876544,"tensor(0.0525, grad_fn=<SubBackward0>)",0.05254444444444408,2230
429,878592,"tensor(0.0604, grad_fn=<SubBackward0>)",0.08208888888888854,2236
430,880640,"tensor(0.1721, grad_fn=<SubBackward0>)",0.10062222222222186,2240
431,882688,"tensor(0.0215, grad_fn=<SubBackward0>)",0.2579055555555552,2245
432,884736,"tensor(-0.0829, grad_fn=<SubBackward0>)",0.3065722222222219,2252
433,886784,"tensor(-0.0174, grad_fn=<SubBackward0>)",0.5582611111111109,2258
434,888832,"tensor(0.1378, grad_fn=<SubBackward0>)",0.6915277777777775,2263
435,890880,"tensor(0.1534, grad_fn=<SubBackward0>)",0.8258166666666664,2270
436,892928,"tensor(0.1028, grad_fn=<SubBackward0>)",0.43614444444444417,2275
437,894976,"tensor(0.0225, grad_fn=<SubBackward0>)",0.30048888888888864,2279
438,897024,"tensor(-0.1633, grad_fn=<SubBackward0>)",0.24569444444444413,2283
439,899072,"tensor(-0.0124, grad_fn=<SubBackward0>)",0.21897777777777744,2288
440,901120,"tensor(-0.0441, grad_fn=<SubBackward0>)",0.30317777777777744,2293
441,903168,"tensor(0.0620, grad_fn=<SubBackward0>)",0.4190888888888885,2298
442,905216,"tensor(0.0574, grad_fn=<SubBackward0>)",0.6587944444444441,2304
443,907264,"tensor(0.0627, grad_fn=<SubBackward0>)",0.43307222222222197,2310
444,909312,"tensor(0.0020, grad_fn=<SubBackward0>)",0.3353055555555553,2317
445,911360,"tensor(-0.0695, grad_fn=<SubBackward0>)",0.45556111111111086,2323
446,913408,"tensor(-0.0715, grad_fn=<SubBackward0>)",0.5609222222222219,2328
447,915456,"tensor(0.0466, grad_fn=<SubBackward0>)",0.825422222222222,2335
448,917504,"tensor(0.2631, grad_fn=<SubBackward0>)",0.6860055555555553,2339
449,919552,"tensor(0.0157, grad_fn=<SubBackward0>)",0.5643888888888886,2346
450,921600,"tensor(0.0083, grad_fn=<SubBackward0>)",0.4320944444444442,2351
451,923648,"tensor(-0.0727, grad_fn=<SubBackward0>)",0.5254944444444442,2356
452,925696,"tensor(-0.1926, grad_fn=<SubBackward0>)",0.44269999999999976,2362
453,927744,"tensor(0.1124, grad_fn=<SubBackward0>)",0.27372777777777746,2366
454,929792,"tensor(0.1723, grad_fn=<SubBackward0>)",0.14683888888888863,2372
455,931840,"tensor(-0.0732, grad_fn=<SubBackward0>)",-6.666666666694798e-05,2375
456,933888,"tensor(-0.0081, grad_fn=<SubBackward0>)",-0.15080555555555586,2379
457,935936,"tensor(0.0884, grad_fn=<SubBackward0>)",-0.13574444444444475,2384
458,937984,"tensor(-0.0420, grad_fn=<SubBackward0>)",-0.03646111111111145,2388
459,940032,"tensor(0.1847, grad_fn=<SubBackward0>)",0.15285555555555527,2395
460,942080,"tensor(0.1532, grad_fn=<SubBackward0>)",0.42095555555555536,2401
461,944128,"tensor(0.0835, grad_fn=<SubBackward0>)",0.6577999999999997,2406
462,946176,"tensor(0.1453, grad_fn=<SubBackward0>)",0.7820111111111109,2413
463,948224,"tensor(-0.1022, grad_fn=<SubBackward0>)",0.5434444444444442,2419
464,950272,"tensor(0.0939, grad_fn=<SubBackward0>)",0.8276499999999997,2425
465,952320,"tensor(0.0469, grad_fn=<SubBackward0>)",0.9123944444444442,2430
466,954368,"tensor(-0.0997, grad_fn=<SubBackward0>)",0.6497555555555553,2435
467,956416,"tensor(-0.0594, grad_fn=<SubBackward0>)",0.4150055555555553,2442
468,958464,"tensor(-0.1696, grad_fn=<SubBackward0>)",0.5528999999999997,2449
469,960512,"tensor(0.0573, grad_fn=<SubBackward0>)",0.912983333333333,2455
470,962560,"tensor(-0.1311, grad_fn=<SubBackward0>)",1.1489055555555552,2461
471,964608,"tensor(-0.0671, grad_fn=<SubBackward0>)",1.0060333333333331,2466
472,966656,"tensor(0.1265, grad_fn=<SubBackward0>)",0.8828944444444442,2472
473,968704,"tensor(-0.0656, grad_fn=<SubBackward0>)",0.7839944444444441,2479
474,970752,"tensor(0.1084, grad_fn=<SubBackward0>)",0.7910999999999997,2484
475,972800,"tensor(-0.2476, grad_fn=<SubBackward0>)",0.5457999999999997,2489
476,974848,"tensor(0.0614, grad_fn=<SubBackward0>)",0.7695999999999997,2496
477,976896,"tensor(-0.0592, grad_fn=<SubBackward0>)",0.7739888888888886,2501
478,978944,"tensor(0.1026, grad_fn=<SubBackward0>)",0.6328166666666664,2504
479,980992,"tensor(-0.1072, grad_fn=<SubBackward0>)",0.4154555555555553,2511
480,983040,"tensor(0.1529, grad_fn=<SubBackward0>)",0.5024277777777775,2516
481,985088,"tensor(-0.0680, grad_fn=<SubBackward0>)",0.744144444444444,2522
482,987136,"tensor(-0.1092, grad_fn=<SubBackward0>)",1.0160722222222218,2527
483,989184,"tensor(-0.0075, grad_fn=<SubBackward0>)",1.0089222222222218,2533
484,991232,"tensor(0.1180, grad_fn=<SubBackward0>)",0.856194444444444,2536
485,993280,"tensor(0.1222, grad_fn=<SubBackward0>)",0.6633499999999997,2539
486,995328,"tensor(0.0559, grad_fn=<SubBackward0>)",0.5552111111111107,2545
487,997376,"tensor(-0.0381, grad_fn=<SubBackward0>)",0.702794444444444,2550
488,999424,"tensor(-0.0070, grad_fn=<SubBackward0>)",0.8729111111111107,2557
489,1001472,"tensor(0.1382, grad_fn=<SubBackward0>)",0.6624166666666664,2561
490,1003520,"tensor(0.2175, grad_fn=<SubBackward0>)",0.6302277777777775,2568
491,1005568,"tensor(-0.0976, grad_fn=<SubBackward0>)",0.31193888888888865,2574
492,1007616,"tensor(0.1027, grad_fn=<SubBackward0>)",0.10184999999999975,2579
493,1009664,"tensor(-0.0848, grad_fn=<SubBackward0>)",-0.10478888888888908,2585
494,1011712,"tensor(0.1039, grad_fn=<SubBackward0>)",-0.005877777777777993,2590
495,1013760,"tensor(-0.0179, grad_fn=<SubBackward0>)",0.4266777777777775,2596
496,1015808,"tensor(0.1275, grad_fn=<SubBackward0>)",0.537772222222222,2601
497,1017856,"tensor(0.0760, grad_fn=<SubBackward0>)",0.4346166666666663,2606
498,1019904,"tensor(-0.0775, grad_fn=<SubBackward0>)",0.4627666666666664,2612
499,1021952,"tensor(0.0886, grad_fn=<SubBackward0>)",0.6776944444444442,2618
500,1024000,"tensor(0.1329, grad_fn=<SubBackward0>)",1.0441333333333331,2624
